pcox@example.com,leSrcgNJ6845
francoshane@example.com,DgCAzWyj4313
rodriguezjohn@example.com,ifHomAPl7195
martinjason@example.org,TOWlkBuw5043
kurtgray@example.com,HNmpmxJr4950
elizabeth71@example.org,sDKRbUJN0860
simpsontodd@example.net,ksCyTHGG9987
tbruce@example.net,eTtgzbex1326
mark93@example.com,rxSBBGJo5008
collinskenneth@example.net,YUiPiMmx5583
omiles@example.net,CplBJxfn2904
yadams@example.net,DECggQRZ1806
robin62@example.org,vszVtKTP9705
jbrown@example.com,cVSraUBR5913
gbrennan@example.net,AkQJFAJO1359
dana21@example.com,EwioHWJp0893
gomezkristen@example.net,ZciEYSid1150
katherine18@example.org,EhLUsSyf1719
jenniferharper@example.net,SNwJwcer8957
matthewcaldwell@example.net,JAhGYRSg2304
thall@example.com,sQfMuKOE2445
hayesalice@example.com,UGNZiJyw4333
huangtammy@example.com,oKaowKof4317
higginsdaniel@example.org,HJXLRMua2137
webbgeorge@example.com,QELWbuCB3223
joan85@example.org,eXMWYDnR6600
samantha21@example.org,BSJNzFoD1070
rubiojorge@example.org,LphGgcZM8927
kleinamanda@example.com,pFYEMYfS2314
josephwilliams@example.com,bbnAwqfT1509
susanwright@example.org,xQiGBFqs1294
randygreen@example.com,BKUaTmmZ3257
williamsmatthew@example.org,fXlatuko3699
crystal06@example.com,oXguZJvN4377
vanessanixon@example.com,Bbrfhboo8940
lrosales@example.com,nFrDNbqS2523
candace02@example.net,fZmKvphp2666
proctorandrew@example.net,ZhCAlbXi1526
alyssa16@example.net,GpByCYeD6466
smithlisa@example.com,gjiEOEKf3684
ytanner@example.org,CGGeSDOG2688
thompsonkimberly@example.org,ePygtQXh8908
ejordan@example.org,pqzlHwUc0169
evelynmooney@example.net,hyIsjcAY7361
thompsonveronica@example.net,XLMhJbzo2346
smiller@example.net,WUruCPBg3405
michele05@example.com,VGrEIWzn5892
mariagalvan@example.com,inakINgP8323
brad31@example.net,LljcxmjE9896
anthony00@example.com,tZAjDaOJ4913
paulawalker@example.org,ebcDqUcd2472
hannah57@example.org,pFyfzrvZ4508
atkinsjames@example.org,BzoiTUwS4488
meyerchristopher@example.net,cHdqtbPM5865
onealeric@example.net,YwzAWEmc0891
erika79@example.com,eKXLUzZV7213
pclark@example.org,FsGYXjXo1726
kristinmccall@example.com,PyqwYwZZ5419
tracy65@example.com,glMXZDdk8643
shafferdylan@example.com,NGmQyfnl9629
adammartinez@example.net,sFCkABGN3907
jenniferandrade@example.net,mOnQNacN1472
lopezsally@example.com,GGJmcZzP3920
conniesmith@example.com,taMBKYAP9885
shelbysuarez@example.net,GCUJCcpR9864
ojackson@example.net,tUAVryJe2783
stonelisa@example.net,CrxGCvFj2266
hvaughn@example.net,bVJdJzkZ5273
vmoss@example.net,isensWRT3582
jensenalexander@example.com,cURErEOs0687
jessica29@example.org,HjiqpjDT7975
ycook@example.org,aPwgITvJ1436
hmora@example.org,vlzjfift9182
stevenjensen@example.com,eVDkpMpw6375
martinezjuan@example.org,WAqkbfkm9136
gerald82@example.com,ALDmXOsN6063
shawnjohnson@example.org,lYnBLcLI8815
tiffany51@example.org,NyMoltbY1444
nicholas68@example.com,NBdftosw7126
kwells@example.com,POrHYslI4807
gregory48@example.net,DEzCCCnP2645
kking@example.net,dqXBJbfB5104
harnold@example.org,UoKlOZyg0709
yharris@example.net,EHZGJbQo9704
yreilly@example.org,cifWVAgd8094
josegrimes@example.org,HmlFkLxJ5217
trice@example.com,yfrbCuPB1680
nmora@example.org,ZJsFbJdz9538
thomaswebster@example.com,iJQtfLlo1859
wrightjennifer@example.com,lCFRkUjI7149
lmoss@example.com,cmXhBorL8663
martinezrebecca@example.net,MFYilzZh0786
holly37@example.com,ZGzqQrCv6380
owhite@example.com,WLQCIkIU1178
xcosta@example.net,vsQCoFYt9773
parkerjoseph@example.org,OZeBaaTp9879
ojohnson@example.org,pGCwdIyG2491
jeremybryant@example.net,lJXNcFBQ8207
xsmith@example.org,ZRyHDkdn9019
npope@example.org,tjBraIue5250
martinezjordan@example.net,ZbfHLrFg0324
carriepena@example.org,TMSjSDQN4337
nsmith@example.net,KhQLQgQH2142
heather56@example.com,VAWXKYFu4513
rodriguezmarc@example.org,fEHAswAJ4976
langjennifer@example.com,cjKlsNDt9828
rogersedward@example.net,tPfAOgGs2098
nbrowning@example.net,xhogfSDP9226
jacob57@example.org,aeapiEpP7470
scottpatrick@example.org,WbOvyoJe7771
tonya61@example.net,yyThUKXM1251
zsmith@example.org,ckIJGDGa8942
william34@example.com,bUlSWWyJ8088
chungholly@example.net,OxuwZxpM2670
iking@example.net,GmwgoOxr7080
martinmegan@example.com,tWXYHgiZ0028
mlopez@example.org,BuQPJASQ9017
gvazquez@example.net,MJlzKkeK0906
lisa47@example.org,KEFVxDNV4703
davidclark@example.com,azxUFoqF2900
earlhopkins@example.com,jProyuIF5249
william21@example.com,zlBxEWso0535
kallen@example.net,dteTevfJ0053
tiffanygallagher@example.com,LKAStCEK1086
xjenkins@example.org,hRbjEQfi6021
crystal83@example.net,bTHjJfGu3417
ggiles@example.net,EOAothRE0573
lparker@example.com,aLYzQNem2768
cody32@example.org,rHKkaGNy4258
john79@example.net,yteVJTxx2758
morrowpaul@example.net,REKwFVMv1069
shawnarroyo@example.com,anCdlIwE8406
smithgabriel@example.net,JtugdEeU8378
bmann@example.org,sZaKgYqz0640
james67@example.org,SOBcUkck8762
swade@example.net,YfEkUvnm8602
sheltonbeth@example.org,JLXEncJS6605
cwall@example.org,ZWpAHciu7016
mackenziebyrd@example.org,ozdHBnvQ2038
oscar97@example.com,LgtLTCKR7897
jonathan56@example.com,wvatodhs9155
noblesuzanne@example.net,ixnPjYHB0721
henryamanda@example.net,rtYYozhR1035
sullivancynthia@example.com,MjKXbENF7885
abuchanan@example.net,aSAMlJnf4143
harveyamanda@example.com,EqZlCeoW1626
kristymendoza@example.org,fLTLznOC5911
qnorton@example.org,WvWehbMo2794
amanda08@example.com,nzyVnADj5082
gregorymonroe@example.net,FEMnSrhT0089
tuckerstacy@example.net,uLUNzGLW6029
dyerkyle@example.org,BoGKWGEN9157
mguerra@example.net,sPYrWhWT6604
jennifer78@example.org,KvcTFqth0064
zimmermanricardo@example.org,tmPvhzrU8073
kiddtiffany@example.com,iPzYIcGV3482
carrjoseph@example.org,qToXYIyN1362
jamesnielsen@example.org,ahcCTKyb4417
veronicawarren@example.com,FsQmjwaB1380
salasmckenzie@example.com,jWOcGuLs3880
pmendoza@example.net,NsTSuebM5159
elizabeth16@example.org,VixJzKXg1522
robert03@example.com,iPcIuxgm0816
rogersmadison@example.net,wjWTrXzD3015
johnsonkristen@example.org,mekShpaA8257
abigail10@example.com,GXaAZSku4155
tammy85@example.org,syRqwWhB6731
stephaniecarlson@example.com,SxoGvnxD7112
luisgaines@example.com,qmsXnEEj6623
hodgesamber@example.org,nVXLZgml5981
williamsaustin@example.net,MJRZVHOC4748
fuentestonya@example.net,YGKzFeQc5793
khowell@example.net,vPwtCVrM8368
jenniferhale@example.net,cFPJTxfy0148
stephanie09@example.net,ybrzsqcm0360
bryantcynthia@example.com,sdZsEfCJ0080
john83@example.com,bQAGcolr2157
maryvazquez@example.net,tcGyHzmz9262
ivan45@example.org,pijxuwJo2257
stephen00@example.org,eXnHIlpr8681
yjames@example.net,LcFBEZwr0589
ojohnson@example.org,IXCQaTuT3881
clarkecameron@example.org,oVmOALUk5981
warrennelson@example.com,ZwSRtsrA8721
rollinskyle@example.org,DnNxdkIs9462
tsmith@example.org,AItWRKkz6808
vincent07@example.org,HSNFcnsW4059
vgalloway@example.com,JVurKxGT0350
vadams@example.org,MzJbxTHA1221
jamesjohns@example.net,OQtkXcUQ2999
petersdonald@example.org,cOkZPcvX7165
ifoster@example.org,QuGUCQxH6275
pittmankevin@example.com,oSKAcEQu2936
daniel22@example.net,vodZzhYS5316
hilljohnathan@example.com,eXJkTmhW4495
stevensmichele@example.org,cIwvGlgk0081
johnny93@example.com,nnjoyPyP8122
pdiaz@example.net,BSUrlsXD2596
christopherferrell@example.org,RNalhRci5194
randallstewart@example.org,RFVamzXE7291
terricarter@example.org,MZldNnfi4486
jamesperry@example.com,ngqYZFBZ4407
christophermolina@example.org,VAlMsNWv2858
charlesalvarez@example.com,EUeFgNQd4085
jpruitt@example.net,VmihZssH6287
gina80@example.net,xxcVOYHO7452
rowejessica@example.net,aWAHBXXO8879
ufisher@example.com,lUrTPQdF6690
jasonschwartz@example.net,fzaEbfaw0579
powellmanuel@example.org,SelPElJb6231
johnfarrell@example.com,jfkyxhqq1003
edwardmcgrath@example.com,iEelKFJU5149
rioschristine@example.com,UyKDKOxo8649
gabrielle53@example.org,sUAKUduK9152
jonathanthompson@example.com,fEpsGUXB9192
vjones@example.com,TKAItYiG7316
tyler59@example.org,CzIQkKBx2469
qfarrell@example.net,gxuObVyK4656
jesse19@example.com,Vkzxktbw1246
lindanixon@example.org,DKhNmilO2127
mooneyjuan@example.com,BVxHLYWm0278
fthompson@example.org,sBxDGbHd1628
lcurry@example.org,oSQSSGkI9675
donna21@example.net,aEpsYySS9957
tracibenjamin@example.net,VfWMTgMM6196
marshalltammy@example.org,dLnpgvPl8188
deborahsoto@example.com,xbAfoOfD4727
jhaley@example.net,cCyCPvIy3346
codywest@example.org,lDqFkWLC1677
soniajensen@example.com,WUIwnJSP2946
qlucas@example.com,MXaDfcyu3935
nortonsuzanne@example.org,IDFTsSQA7892
roy11@example.net,MdWHKNIN7090
jamessmith@example.net,XdqJbFGM4745
brenda26@example.com,tQiLeKnp7518
nhernandez@example.net,flHajOPo5836
kimberly66@example.net,ZMrzsuld6923
mistyhuffman@example.com,KOcLSDxC3357
karazavala@example.net,fbtoniTr2150
bkirk@example.org,jNGqvvMX2485
stephanie83@example.org,CrApHATc0143
staceywinters@example.com,CzoaWYki9243
dawn05@example.net,VmCjDttM3995
cparker@example.net,taOeiGoQ4181
handerson@example.com,HCKktZvC9623
amandafreeman@example.org,UQWpPCCo3899
suzanne03@example.org,AvLTqiqz2818
jdavis@example.org,KYxgghAC9850
melissaallen@example.net,dqGFAUYR8944
andrew28@example.net,IPOEDZPW2197
johnbrown@example.org,MFyUXvdm4606
garrettlisa@example.net,tHtaSJbq5688
syoung@example.net,NOoAybfi9918
jsutton@example.net,PbYLMCXQ0166
stephanie44@example.org,ZzbXmJgH0522
jeffrey67@example.net,kYBOjyPX7193
caitlin49@example.net,UigwaIXH2067
donald55@example.org,lKJVcbfu9768
cwagner@example.com,oMUwLYuc2150
zharris@example.org,HokOLbqk4078
carolschwartz@example.org,BDbECMaW8360
kennethbrady@example.net,qScDKRmz7959
qweaver@example.net,OPfWYxHd6656
scott37@example.net,hpAMLbZB4304
lgardner@example.net,vsrDkUyS3270
pmeadows@example.org,NYkKwaYd4855
carol57@example.org,MzNYdodM0926
woodtrevor@example.net,DdmShXHw0855
richardsonlauren@example.com,VqWlqcIk6865
esheppard@example.com,FlFaAOUr1348
xhill@example.com,MRzaPzBk6556
briankaiser@example.com,btsGoRyH7533
pmason@example.com,KtRKGCqq1639
blairjacob@example.com,zGnfRQHQ0541
daniel45@example.org,DhvaBEem0121
kmckinney@example.net,IqAPnSDX8144
kevin88@example.net,xoaWuUWk7544
jjordan@example.org,cqsALHHt0121
phillipwilliams@example.com,TwCaGvau2288
teresa81@example.net,gUnuglAF3536
luis64@example.net,GPZtxqpz3067
riverasherry@example.net,GXPCzAMZ8664
leroy40@example.net,PftapGfR6626
timothy06@example.com,uzxIsIrL9078
debrakidd@example.net,WBOKESTD1802
glynch@example.com,lWOsyNaM5998
austinnewman@example.org,ahFrBIUQ8860
hicksjoshua@example.com,aFZouRkP7987
leelori@example.org,bMBcFtMh0326
gabriel14@example.org,FocbLTRJ9715
john56@example.org,hNtzZyuX0736
griffinglenda@example.net,hZZGkbIe7371
mary24@example.com,VmMpTeSH0194
anthonymarsh@example.net,ArlSYwJM8535
kchen@example.com,QWnSTuHs8558
aprilingram@example.net,ytvBbxTB9143
stevemurphy@example.net,PBtTXkUG3381
smithpatrick@example.org,LTHWaFhn2595
dgregory@example.org,hhlkSaRD1403
billy61@example.net,WfBDEGAY9306
ashley03@example.org,PLVyBQAX9461
uchaney@example.net,iTJLKZid4679
nhernandez@example.com,WyvPmvmG8453
xsanders@example.org,bAIgvHKY8891
ochoarobert@example.com,pYHFIxfG4017
allisonsantana@example.net,azeGJoXU4637
pamelagaines@example.org,cTduooOw1121
aliciajohnson@example.org,lFCDknUe2575
wilsonjoshua@example.org,EPLbmjWT8061
apierce@example.net,QkipEdRR4489
xwhite@example.org,wggVGXkK2181
morgantina@example.net,xrCvvYCm8225
jill13@example.net,aqIeAErY8473
jacksonalexander@example.org,JGrWJYUL6796
megan00@example.org,daKaoKTO2735
meganfletcher@example.net,cRHnNJZL3231
plynch@example.net,pTBviwzX2579
barbaramoore@example.com,rYaNjogR7432
denise31@example.org,nHOAIusM2541
crystalfletcher@example.org,twWnzANq5222
hamiltonelizabeth@example.net,oVYoxBsm9386
crawfordgrant@example.net,eoNuDyGP6657
thomas11@example.com,XTxridPc8374
nknight@example.net,JBWZJsxs9417
plee@example.net,nyEiaqwl3696
lydia35@example.org,BNryfSAL3848
deborah50@example.net,kvHAvKmu3372
psmith@example.net,PymBUpIa4658
sarah34@example.com,nvBjkJUf7983
vlewis@example.net,NsAUNzcA9016
darlenecervantes@example.org,yvYDzffq6494
lanegina@example.net,uzkwiowb7011
monique53@example.net,vAzjERBk4629
whitejeffery@example.org,NWrQcyoB8214
erin01@example.org,NqJnXAzq4786
kristin97@example.com,PONacdlM3122
samantha84@example.com,MIZGuQMS6346
teresabaker@example.net,evvYjije4918
sullivanwilliam@example.com,mwzmCyXG6700
heathcrystal@example.com,smhPunPb7300
matthewsparks@example.net,YcoVKPAl1855
turnerkenneth@example.net,qQvOLSJt2730
caitlinvaughn@example.org,HDSvABoA7686
jessica79@example.org,kBXQRBpX6511
buchananjames@example.org,gjsQXOqS5449
andersonmelanie@example.net,aVXgRrNH9682
andrewhernandez@example.com,VGBobOlQ6826
shelly64@example.org,dRMWKuQL0936
walter78@example.net,ZsooTOIa8180
markjensen@example.com,wfCAGcbm2208
williamwhitehead@example.com,SgzQZham6949
mitchell25@example.com,OZPYkTfT0838
davidkrystal@example.net,eGboRrWg9080
markkidd@example.net,mxQOYtYP2315
benjamin69@example.org,lPUJMBOX0486
zflores@example.org,BidkKLLQ5070
timothystevens@example.org,TxRbcozx4570
dewing@example.net,EGsPwsRh1549
joseph73@example.org,RukTuSfN6265
flowerseric@example.net,vhxvLFsZ9775
shane09@example.com,tasiuUOH1218
lindarobertson@example.net,sCrhZckD1079
gregorywaller@example.org,MYoUoELp1869
roybrown@example.net,LdhEXgrC8720
fishercassandra@example.net,GyViZbIM1915
erin39@example.net,OBleGFgA0569
ryanwilson@example.com,hsoQlzxI6455
martinezdonna@example.net,CfOxvUFn7134
gina37@example.net,MFfAhuPl7296
christine71@example.net,vjaWzaUz5646
amandanguyen@example.com,UQPCmOZK4517
xramos@example.org,avwVvbTY5355
rose30@example.com,kJoSJlQE2213
qarnold@example.org,JsdjbHfj6120
jerry88@example.net,VmtkARrz6980
danielharmon@example.org,cguHFYEI5551
pruittdaniel@example.com,zozvXYQz7532
olsonnatasha@example.org,TYcvXLQj5734
ycollins@example.net,nvVqFoAt7239
chad29@example.net,klqHUTJU8418
amanda79@example.net,bAGSUqTG1073
cynthiahenderson@example.net,uLehmbDp8873
hensonsylvia@example.net,ktUuLRWz3453
clairehinton@example.org,wQFInTPn2577
bowenemily@example.net,rCcBhWau8382
karen19@example.com,LvMQdSGT0588
cynthiasmith@example.com,JJxpHUyq8603
delgadojean@example.org,ZGNvXsxm5179
lisa37@example.com,gnCZnLBZ5623
kevinfields@example.com,JxUglDcv7447
tina67@example.net,ERUNiJSV8223
robinsonbrittany@example.com,bkMxKuwT6920
matthewfrank@example.net,yYwXPWnG7303
kingann@example.net,LqrcoNmt0395
stewartcasey@example.com,opwMdrcL4383
carolyn66@example.com,FKiPVbEE1394
bwilliams@example.net,MSJTWPze6750
murraybrett@example.org,yTAWzpuB3544
xbrown@example.org,TyabzhQy4352
andrea65@example.com,CJxukCNS2606
rsilva@example.com,HDbnXeam4313
davismichael@example.net,WydrPKpb5880
gary74@example.org,VaenCEVI1627
strujillo@example.net,UHdvcfSW3954
gloria34@example.org,pfJERwhq7667
scottrebecca@example.net,jhEWvgQr2291
lfreeman@example.com,iJxxCRbL5657
donnacervantes@example.com,VEOpxSVb9683
brooksjeremy@example.org,bZANMvcp1303
mrose@example.org,ltJjmRof7718
jessica83@example.net,dNlzkfAi9616
camposkristina@example.net,sKHdHRbm9280
sloankathryn@example.com,deHFulWs6530
fchavez@example.org,QYDVBpkX5626
diane07@example.org,GRJCLnnR2438
hawkinsbarbara@example.org,RKcfFhhM9799
tle@example.org,zpIOXVII5271
thomaslopez@example.com,URAwgVzS9956
amy13@example.com,iAHNsyAl3437
stephen16@example.com,BjvSnDSS2086
hernandezsamuel@example.org,PxsXHZpc1750
jamesmartinez@example.net,pNrJYBiR6694
robertsantos@example.org,OJkxEGRv9046
tiffanymcmahon@example.com,JDHpqmLQ3737
luke13@example.com,HYEQvZHo8611
heathermartinez@example.org,XXlTtRkZ3265
katherine00@example.net,JYZdQKpm3737
robert47@example.org,qHPbzslV6424
marksanchez@example.org,rqRrggzk6239
jose89@example.net,MWvzLezR1234
zhernandez@example.org,TGPbnPXT0081
ericwilson@example.com,BUWGGkOi2454
lisablackburn@example.net,HAwJujiS7721
cochranpriscilla@example.org,VgDhWJQe7132
schneiderjames@example.org,RdXcHOzT6777
wilsonkristopher@example.com,zorlLSYZ8465
hannah02@example.com,oQpwLIzm3003
brentjones@example.org,YhJkywhi2318
qcarter@example.net,mWByelTW6737
jonesariel@example.com,AAdeFMeH4726
robert03@example.org,CnMjpLtt6021
kevin33@example.com,uWCpcUxU7183
johnsonjoseph@example.net,FMUsQtDe7983
rpayne@example.net,eZahIsgQ3621
heatherryan@example.org,TRPMjikT4969
meganshaw@example.net,DPsyWyEi8258
anitanelson@example.com,ixVDwecc2255
jennifer54@example.net,cGOikmNW2175
feliciafisher@example.com,grMfXtqB6520
jennifer69@example.org,YSNvpWTp0871
amber70@example.net,eghRjQFB9713
jenniferschroeder@example.org,RsIcYJVE7933
andersennicholas@example.net,wIicmdfj9351
melanie79@example.net,KqQoFWhj8575
speters@example.org,CdxBgVmp7266
larryruiz@example.org,imdSTJJk4828
pwatkins@example.net,CmHvdBbD2293
jackiesmith@example.com,vEvfsyMI2526
shanestafford@example.net,vGRTIKev5244
ehartman@example.net,DUDbfttD0786
tuckerjennifer@example.org,sAhwoKRT3984
aguilardavid@example.com,iNsqBffT1129
williswanda@example.net,OiHhDMdS8487
xcrosby@example.com,EbssEwFE3390
wileyrenee@example.net,IjlofSMq1192
holmesdawn@example.net,QZLvzmrn7436
callen@example.org,oOUZJNKQ1830
daniellegonzalez@example.org,ORbkbYIt7135
emily88@example.com,EthxKnik1329
adriana61@example.org,nARZtmiR5073
teresamcguire@example.net,QtGilnfA7285
jaredmiller@example.org,TsMdUeSK8014
tjones@example.org,mGqqQNrT5393
deannagarcia@example.org,fbKPvkjZ7784
conniethomas@example.org,MudIIzdV7813
patrickdaugherty@example.com,idjoLBcO3323
imay@example.com,rWkmsPsj4371
johnsonzachary@example.com,TWPQKVXB7594
johnsonbrandon@example.com,VtScNNAA6265
imaddox@example.org,uKYhXejH4996
gregg06@example.net,aJXHEPpP1913
rhonda51@example.org,AfCNnpqD5636
chad48@example.org,iKYzkRsx8273
youngrebecca@example.org,zwDNMZVj4990
renee75@example.org,kzCBpUDj0247
melissamarshall@example.net,bKFDObXn7817
nmccarty@example.net,yvpJNPtX7508
tlewis@example.net,ZDvunmNB6962
yorkhannah@example.net,JpEfFeqo5811
kimmiller@example.net,wyFcwruw6674
stephaniereeves@example.com,zJZMbBeQ5635
elizabethking@example.com,RETThgzc4935
xhiggins@example.com,zPXGOYWy5630
georgerachel@example.net,lGlrMqDa4037
haley52@example.net,yIjQJXVu4485
caitlincollins@example.org,unJXJIVM5992
xcastillo@example.net,NqzCuXGv7043
rwilson@example.org,qArzcFUa6032
charles32@example.org,ixZyRGYN1881
crystal18@example.org,eaAhiLNo7720
wdavis@example.net,vYNFoPzj1304
tevans@example.net,vfsFtWri9453
edwardreid@example.net,oSMnHcpW6082
jennifersmith@example.org,qRMbuxcL4794
lnorris@example.org,yRmkLCiw8191
eric14@example.com,LtvoWoMv1046
riverajoseph@example.com,DabUmxxv2624
allison79@example.org,rdbaTysM8993
courtney64@example.org,koLLxBPK2749
tmartin@example.com,hPXbOOuN7263
brianhubbard@example.org,mmxUSFIW1463
bradleyharris@example.com,JthgGyAK5440
stephanie77@example.net,qNsWpMQN0341
miguelvasquez@example.com,MAhZbWZE5620
jeremiah81@example.com,mlxeJdXi2375
solomonjason@example.net,eHeAnoNj2203
williamwilson@example.net,cFfjdMtJ6221
xjohnson@example.org,NIXkIgSy5814
sanderson@example.com,ZIoaSZDP5867
obush@example.net,lNIBXqGe8593
crobertson@example.com,iJCDkKju8296
regina91@example.org,tvhERLkZ8002
sanfordstephanie@example.com,SEjXjBpy3091
brownjessica@example.org,ZjfJQYXU4299
fosterjoel@example.net,eGWnvYjU2476
matthewwalter@example.com,utuOShEi5056
jacosta@example.net,OCgpdtNp6312
shannonwilkinson@example.com,MOMqlEHr7245
cynthia52@example.org,RNJepsiN9972
riddlenatalie@example.net,yOwKCDUb1055
jason22@example.net,pWaWAENr3021
margaret24@example.org,aejYDkte0660
brownlisa@example.com,ZiAneKSX6296
johnny85@example.net,BHjrhrAf5657
ortizdavid@example.com,VskrwGgf9259
rjohnson@example.com,yNBSxSuE6420
christopherkeller@example.net,ENZwnAqV2759
robert05@example.org,BBMwJdYr9169
ojones@example.com,RPdSaEeg3388
brichardson@example.net,pPxAJsaM9625
nfuller@example.org,tIJivZiV2000
dsandoval@example.net,iuXClGPw3622
williamodonnell@example.net,ygqDOeLY7882
marcus80@example.com,lsipfciN1423
jblankenship@example.org,fGZQWDft4312
stephaniebennett@example.net,eqxruHVq2216
juanbooker@example.com,xXZvgvUv8693
stuartwells@example.com,lGGKQenM8227
slong@example.com,FvdtBHxG2463
matthew63@example.com,lganhdbf4918
rjohnson@example.com,ACWfckJI1345
kferguson@example.org,TwmfTGak5719
justinreid@example.com,UDvAmMRR1687
stephengamble@example.org,VggiPLLs0458
cherylhernandez@example.com,lLPDHFsL5457
jennifer01@example.net,FVGTpWgs0554
andrewhill@example.net,TgcpqYvb2212
johnadams@example.net,ZFJAIaHa8029
riveralinda@example.org,ZqKGcGOe8610
richardskevin@example.org,nErqsRie2866
monicagrant@example.net,PgSjkRdD9367
ihoffman@example.com,kuzYMPmZ0867
joseph18@example.org,pQXchSbW6865
jennifer41@example.com,mBlvAEZY3195
welchchristopher@example.net,matuBJGl0400
richard24@example.org,TZlVxsSY6788
kim81@example.org,kAYnHiSs1285
brownwilliam@example.com,DRlyNapd4582
kaufmanmichael@example.net,hIMynenA0369
charles77@example.net,qxViteDz0562
othompson@example.com,DSvYsIkK2839
whitneyburns@example.com,HAuKzkRd7772
elizabethwilliams@example.org,XNvqaucK2448
yroberts@example.com,kQBYixXM3952
shane34@example.net,RzVuPNVD0085
cthompson@example.com,LHsuQhlw7171
molinakristi@example.com,kZcuwiDQ9799
sullivankatherine@example.com,pZejntKi4579
jacob12@example.net,UkwJSpez0977
jamiebrown@example.org,pQBYGwZP6763
eknight@example.org,XiGpHRbG9269
millerjoe@example.org,cJWphljx4446
whitestuart@example.org,yMPTweJR1711
raymarissa@example.org,QZrVBruE3799
santanaanita@example.net,vXKMApkM2673
dfuller@example.com,pZjKaDWS0818
joshuajohnson@example.org,gvpTfRPT4051
james12@example.net,khrkSxPx2381
nolanantonio@example.org,spiXuTCN0498
kelly13@example.com,veEbnegn3937
elizabeth63@example.org,GpwLfeNl3898
melendezjulia@example.org,nOTSQaoH8673
carneyalexandria@example.net,EShCyGBA7693
williamking@example.net,cFVWxHqT9240
hbarr@example.com,rKnoLtfe4360
robert14@example.com,FmazMmUW8379
williamsjanet@example.com,ccMvTMRk3350
kburgess@example.com,DXfcyUpm8451
johnsonrobert@example.net,teRJYKmw8019
qdavidson@example.net,EGnQfoIW5804
gonzaleztravis@example.org,WqUKOkNu8378
logandrew@example.org,LPcztKUK4833
joshua95@example.net,iPkIBwse9999
bpierce@example.com,LtbkYtuJ9720
udawson@example.com,bBSlKXYB0966
arichards@example.org,JELZCslR6002
andrewskyle@example.net,QWLzYJhE2796
lisa47@example.org,wtxoSxEJ4307
coxchristopher@example.net,YeGaYtEn5751
joshua38@example.org,caFQPuEL7314
emiller@example.org,TRCUsabu3912
jpage@example.org,bfeDdqSC4509
vicki40@example.org,UGfWBHuF8755
michael33@example.org,wgNzUZsK0417
clinecrystal@example.net,WOzugnWl7170
gardnerdawn@example.com,tNRJFGle5760
harveyjessica@example.net,dsdQYkMP8609
rmitchell@example.net,zCjtdicT5641
wlang@example.org,drMFcMDC0336
jessicaleonard@example.com,fDihpqmn9299
richard25@example.net,YstdpeoT6702
gregory98@example.com,vBjWCJFI7102
donnaruiz@example.org,rVmpTDul7489
diazrobert@example.net,mzedVEKK3137
vhill@example.net,wwtRbJhk9614
michelleturner@example.com,zaPRUgou3233
curtisdavid@example.com,fLTVxrFC1507
omcgrath@example.net,zmBDJtNM9798
gutierrezrandall@example.com,ePCaKXsY4338
lsanders@example.org,oCxImQBP4010
hodgepeter@example.org,lxTPfsEh3395
znewton@example.org,eUBJHOmw1645
anthony94@example.com,GCIZAPEx9500
lisa88@example.org,JlgVetPP0740
millerdavid@example.org,ueexRPiA3558
gibbscynthia@example.com,QzeWvUyD4703
omiller@example.org,BsxhijrF9727
richardgarcia@example.org,PYPGSCAO1129
brandywagner@example.com,GUSKPddy1423
martinwoodard@example.com,XLMGGcAx4637
matthew72@example.com,XhqcvyWn6080
kevingarza@example.org,oanDlTbx3463
anthonyrobbins@example.org,PJqxgnIL4647
austin18@example.org,EOBsfxZt7522
richard03@example.com,WMpZpepc9332
tammytorres@example.net,pEPAMNDB0275
stevenvang@example.com,gwxGQOlF3637
joseph60@example.org,cgDEETRT6217
nlowe@example.org,xXQYRDPg4872
hayleycollins@example.net,JfmjKVCW6978
samanthasmith@example.org,tFthBLyD2276
wongemily@example.org,cDWqlHKq5390
patricia66@example.net,pnQpxrcc5573
sfarrell@example.com,FyXCThCA5462
danagiles@example.org,CHFaNdOL8932
jenna79@example.com,dWRqXKrS4984
chad41@example.net,nvqtHabR2542
alvarezkristen@example.com,HnoTkJMK0555
robert95@example.org,HeTagTAJ0341
eglenn@example.org,xpPkWyUv8747
elizabeth89@example.com,fjvAdmVG7259
ywilson@example.com,awKQnWeb4746
uhopkins@example.org,vxEBeCgo6150
amandabarber@example.com,PGCUKSMF6721
amymarquez@example.net,AxXuvYEJ3303
ujones@example.com,EwFXYFkY0773
amanda71@example.org,rtRGDYlx3048
davidkennedy@example.net,FPGoTFAW8341
amandalewis@example.com,pfeMlKnq9854
allenjo@example.com,bFVrcoIv4001
erik46@example.net,fqnRhTUD8025
millerbrandy@example.org,jdhkyGZr9702
brian63@example.com,teiqociz6523
rebecca73@example.net,mDzweWWt4783
michelle09@example.com,NtRdGaAk7172
wendymcintyre@example.com,AqsNLYRK3547
nross@example.org,gHSiSJjK8368
christinaduarte@example.org,OcixkJeg6532
millerjake@example.com,XLLTPHtF9896
lbailey@example.net,cNUJqvMn9030
catherineluna@example.net,GguIDRKj4395
claudia91@example.com,OxVehBkH6370
croberts@example.net,mqJxWIZb5001
brianjames@example.org,nTXrjtCV3881
bjenkins@example.org,mJsKeUJD2077
courtneyhall@example.org,ztjexgAc0904
hallsara@example.net,UKQDCgCA3811
rbailey@example.org,xJQLVLdG1583
shawn62@example.org,XkMPZDQP7253
bonnie02@example.net,PADoiGGk6623
ashley83@example.com,qURMBxLF0850
jennifer88@example.com,LHUeslXx3255
wtanner@example.org,HGAdFRMZ0578
kevindiaz@example.net,uYNrFcba0170
nelsonjill@example.org,BTKGjcpG8730
gregorylewis@example.net,tGHUKGpd7649
bryanjonathan@example.net,LYBQHclI6192
rreynolds@example.net,AxwkGUHw2817
michaelhernandez@example.org,SiggrehM9107
rodriguezstacie@example.com,kcPlNWKG9483
lisa69@example.com,PjECnZZl8753
juliagarza@example.org,pfarOumT2388
hendricksheidi@example.org,tdYioYOz7769
oreed@example.org,kMDDEbVe5919
bmoreno@example.com,rbkvvQBH4029
juliefernandez@example.com,sZnOcjaz4220
heather02@example.com,bBNMKBXI5081
williamevans@example.net,IDvMYZno6353
tvaughn@example.com,zgbylXzD2335
scottfry@example.org,liYQpwbM9843
hoodolivia@example.org,cwdnmAFu7511
jennymitchell@example.net,MHqHWJkQ1342
onelson@example.org,NMQffPrv1285
colinpratt@example.com,yQEtofNr3397
reedbridget@example.net,qfjHbwlK6861
ryan67@example.com,QrDvWofM2400
conleycatherine@example.net,uaLkeTLN5292
christopher07@example.org,tosTCaKv4948
sawyertina@example.com,ErEkHVyl6630
patrickramirez@example.net,JiofDjsK1257
tgutierrez@example.org,eYhBlLQN2938
huffmandaniel@example.net,LDvPTznl2785
zjackson@example.org,BkoGBCtZ3993
pheath@example.net,OgHUlFBQ6629
xbrown@example.com,sihuOwKN4413
christine69@example.net,VCNycteL9400
kathleenthompson@example.org,IXUIdimd3479
edouglas@example.net,OZBKwhrA2721
davidsonmartin@example.net,REGIGdmo3597
jenniferlopez@example.net,yhZMffVw8078
kararodriguez@example.org,ZLcrSwGV7633
sherihall@example.com,msiIVwOB6812
vfischer@example.net,WlZAbwnN0766
ejohnson@example.org,UUAxiIAQ8239
mannchristopher@example.com,sSosXBGN2737
stacy09@example.net,EpOWUiFH9357
burnettrichard@example.org,MrGyDmgA5736
michaela15@example.org,wTVQxBwq7347
hojulie@example.com,RbFCUkzd5805
sandrapatel@example.org,WUUBmpFs9603
justinperry@example.net,MWqaPnwj7648
valenciacurtis@example.com,uvRIETnD3592
agibson@example.org,SGObaPfd5056
schneiderjoshua@example.net,oZZzHMUj4176
ashleyedward@example.com,EtIbpdab2863
ylittle@example.net,MVFLeMFE5236
vazqueztony@example.com,mDBMKVhh5701
brandi48@example.net,DabBYCZk5379
kmueller@example.net,xTYTQCnv9573
marysmith@example.net,GEfXtpFV4839
nathan45@example.net,FDkDVkmm0856
thomassnyder@example.net,WvbzTJAB8857
felicia92@example.net,xxxquknu2044
elizabethphillips@example.com,CbvxMxau0078
cassandra61@example.net,WwDRraXr7204
sarah96@example.org,wttWWMyf0079
moorechristina@example.org,YyEduoeb8438
nicolelevy@example.net,SwKejYkb5303
vsavage@example.com,EkbOLODU7397
sreid@example.org,msLZMWbk3730
zgarcia@example.org,FaYePomY1611
keithnunez@example.org,bicIiyHA6165
perezsteven@example.com,lfVSaabr6022
martha31@example.net,zFFMVtWI1376
brandi39@example.net,ucfsuFOy5121
rosalesjeremy@example.net,fYRQCUXt8122
scottford@example.com,fzoglqMb2125
thomaswhite@example.org,jrkdpsUS1459
garrett11@example.com,HDugEQLd0593
crystalmontoya@example.org,HZuHnAIv0667
yjones@example.com,oxpoZWFg3220
alexandrathompson@example.org,nwiiqVIh9659
taylorjones@example.net,aWYlaCVN6776
lbaker@example.org,VHuvdfOO1612
jasonhanson@example.com,LYtNUgut1647
melissathomas@example.com,vUdVZKIr7847
corey69@example.org,ZeokZmEW9829
martinjohn@example.net,ZErWNGmO5888
bryan43@example.net,AIjLGSux8295
dhernandez@example.net,aJOmgflN8634
emily89@example.org,MvzOcWfC2379
donald10@example.org,XRTnKuuw9499
renee12@example.org,cCawhZSX4681
gardnerwilliam@example.org,HcJhyvKL7258
dford@example.org,ccAHsWVE5476
mccalljessica@example.com,MEvMFVpI6931
uschroeder@example.org,FLGgLLml1740
hyork@example.org,vRMQqBYM2172
carla71@example.org,lcvLIWPx9821
laura36@example.com,ljbTytbP2593
jennabright@example.net,DyOxXFQd8683
ihunter@example.net,biigoJuF2485
lisadrake@example.net,PRFUwqRY4723
mcmahonnicole@example.net,gRcHZrin3128
eddie87@example.org,TDwPxLzb5651
christopherwhitaker@example.net,OBCsYUwQ8233
andersonjeffrey@example.net,tZCCLePZ9234
fmitchell@example.net,lFgSQpPC8676
lorismith@example.com,USuzdWpe0318
reidcheyenne@example.net,pSBWrmhy3276
montgomerylisa@example.org,QRfcVSdo5576
deborahandrews@example.org,HLJASfpM3284
wramos@example.net,NktjIQYl5182
isherman@example.com,TCLyGPZY4369
kwilcox@example.net,VMwSPYvP1073
upeters@example.com,OGncNMAr9476
sandramartinez@example.org,RXASSXnx5552
zsuarez@example.org,hlbxdYKY2006
fchristian@example.org,sRYtZANM5433
scott08@example.net,CIuHVpkf6048
james13@example.org,TAPwKYIh0635
npugh@example.org,EaUYRxPV2300
yhernandez@example.org,sjtTcywl2050
thompsonpaula@example.org,agWMIPcU8293
mcarr@example.net,eCdcXVvr4578
wtucker@example.net,yrAdXUSQ4030
oanderson@example.com,wLanzqxD5014
jphillips@example.com,yVoaRTJm5806
smithjennifer@example.net,OhYlwpUm6924
reedphillip@example.com,hnKIuIxD8619
tylerwhite@example.net,iPeYsoRQ8464
tarias@example.org,SFhZRPyb8784
michele74@example.com,cGzerjgX3885
patrickrobertson@example.org,dTSAbmNn5376
rlawson@example.net,lpfLACjb3042
calderonkathleen@example.com,GwYMXSLJ9724
reginalopez@example.com,ILVKPITB6400
campbelljoshua@example.org,lKBOgvsr9743
taylorwalton@example.org,hYeqLxfl5092
matthew98@example.org,obYMxqKZ6202
robert96@example.com,FSCLssfY9065
amybenson@example.net,ATrowFAq0364
marcmiller@example.org,TxhdUIix8327
jonathangross@example.org,ZHkRNgnb7907
edgargreer@example.com,lAimdhZn2215
hesterblake@example.net,quHIHlgH4176
lindseyalisha@example.org,gcvRZKRz9130
singhmegan@example.org,NkbHdIha7292
tamara20@example.org,SbKQaWPH7954
owheeler@example.com,eNbtFCUS4522
ryanbright@example.com,ISjbQgKe5512
colejessica@example.com,XGvgEAvm9102
ygarrett@example.com,JHoPodnb7698
yjohnson@example.org,LlzDOIdc2069
emueller@example.com,WXxjpYBd6561
ngeorge@example.com,OQhCuaqz6555
kathy33@example.org,OHpZzSQn3555
bobby41@example.net,eFJkVYkV4400
lwood@example.com,pqUXAAut4551
ramirezpeter@example.net,RjBbHchg3591
arthurking@example.com,sZodHKUn5110
sharonbryant@example.org,EhIVLHlj9673
mannvalerie@example.com,FOvXXBhY6245
johnmiller@example.net,jIoftFWg8981
martinezdustin@example.com,ZANfTtzP2838
tnelson@example.net,EjsXUZfZ2675
lisa54@example.org,dzYzjvnz3150
irodriguez@example.org,JYcpXuDV9521
gphillips@example.net,YRAXyvAT4617
gmiller@example.net,GQioVuPF2196
cameronmarshall@example.net,cQChXtAp1491
scottjohn@example.com,AqSHRFwS1804
lrichard@example.net,UYpNGndb6726
ocarter@example.net,nVAQTThX0743
johnsonstephen@example.org,KTryKQAq3579
pfreeman@example.org,xjGkBArn7685
lawrence38@example.com,sEzdnDMI7326
hickmanmary@example.com,QaLcHWjs9105
mwilliams@example.org,EIKAvyqt5842
kschmitt@example.net,EpbWYPWH1359
lisa14@example.net,NnywoYuC9614
christykelly@example.net,uxLVVJrx0303
stephaniefritz@example.com,yFnGTLHF3927
aliciagalvan@example.net,aASQTeVD1850
williamsrandy@example.org,OzCBCdku4926
sarahvaldez@example.org,HRuUrdYl3666
rayjennifer@example.org,LPEiQOPS8944
donald15@example.com,iOiSWxgj0519
ashleysosa@example.com,yYelOgFN7118
heidilandry@example.com,ockrvocQ9629
patriciahaynes@example.net,sUTRzIOs5269
iwebb@example.org,UySAlICi4742
raymond76@example.net,ZPxPqnEF9055
billybecker@example.org,LRMeVjbE6545
dwashington@example.org,bDgvblbx0583
nhoffman@example.com,CjzTxaIa2511
melissa32@example.net,xHQJObLz6139
jennifer49@example.com,RgwoAsQK4653
michael82@example.com,EbQsvcxs3242
gabriella51@example.net,ILeljVIu3763
fjenkins@example.net,VcKDOSdX5790
james55@example.org,CDZuNOvm9203
jason22@example.net,jmKTewAO0254
progers@example.net,mCTBMhYz6703
adammoon@example.com,cveRJkIN9328
alison10@example.org,QGNHLggf3345
debraestrada@example.com,AzexdwdZ1920
jsmith@example.net,FedVFhsj4880
danielcharles@example.com,WcHAnksm6006
virginia07@example.org,kfGUBaTP5320
candice83@example.net,RmecuNVq4425
lcox@example.com,zXjDCoNz7585
spena@example.org,ZZQNNgHf7047
howesusan@example.com,BeOIGgRp1168
nicholas10@example.net,UbsHNrgO7724
betty45@example.net,uPkCPbQt0503
tamarataylor@example.org,CsZCTUTq2161
williamsondeborah@example.com,eXDfysvp9906
kerry63@example.org,USBZdAel9029
osbornechad@example.com,EVgtLFSc4559
wilsonrobert@example.net,WVJuYBBV1514
jose16@example.org,nQeRiIyT7358
ldaugherty@example.org,DDzTrQjk5096
jamesmccoy@example.com,uaQtOiZn6616
hramirez@example.org,dbPHqnfX4404
halejonathan@example.com,urhxSYsB8947
travis11@example.com,RyRVusXS8268
rbrooks@example.org,TwwKVkCg2678
johnrobinson@example.org,MDnKgunm1843
jphillips@example.net,lAbiCAOf7935
fergusonlori@example.net,lVSdANaf3079
lshepherd@example.org,dAyhxoPg6940
washingtonnicole@example.com,BaoFsIFo9840
zgray@example.org,SYClkhYj6059
stephen95@example.com,zIkXEDOr2750
tuckersarah@example.net,sLAAqpug1384
charles08@example.com,fYmEvjDu6321
cindysmith@example.net,lKJLbOCf2646
martinsandra@example.com,VGFfttny8333
jennifer95@example.net,NejueUwP2856
gabriel54@example.org,hiUNaWdR5878
iwilliams@example.org,hbhNDAcz3702
amanda33@example.com,TvbvLrVp6230
sandrews@example.net,bUjUrpjU2817
hancockmelissa@example.net,YYNYLcNc5613
julia34@example.com,fugaVwrI6315
jacob63@example.net,NflmtYYU5895
timothy33@example.org,rEjDEkrl7636
tylervasquez@example.org,kdxEYRQu6894
caleb82@example.net,szWPIcGr0043
cgraham@example.net,jFWlHniE3554
amanda01@example.com,jgVNaJFw0421
oanderson@example.com,QmqjckHP2476
ryangay@example.com,BoJLKZeJ0089
tlong@example.net,OvYwTNDX3759
esherman@example.org,fzFXlsCo2081
jeffreydaugherty@example.com,VDaIXMFA8604
swebb@example.com,ziRNxKwj6905
matthew81@example.com,rrvzPdGO2835
pfitzgerald@example.com,iMRIBRhi8952
fgaines@example.net,bFeEUWYV7644
snowjeffrey@example.org,duLhjpUj9683
matthew13@example.com,xNiRIJQx8126
bmurphy@example.net,sBtbOdIY8439
jessicarodriguez@example.org,vkLGQyjH5680
rodriguezcory@example.com,erbCJHfk1939
jose83@example.net,UKDvSmiu7692
anewton@example.com,jHByDxTo9576
hector54@example.org,NptklZSn0864
xmoreno@example.com,ARyktcAn6118
kanejoseph@example.com,WaBSUybe2560
woodkyle@example.com,qfrnAFfL2896
powerspatrick@example.net,cJXiNVyw7808
powellrichard@example.net,wuuJGtVz5514
diazhannah@example.com,zjxNDNAB8179
martinelizabeth@example.com,HVFsCuPD0122
phillipsjames@example.net,VjSnupps4054
randymartinez@example.org,hrQvYyHd6569
timothyalvarez@example.org,fGuEjXLI2556
johnsondenise@example.net,mkGjmrMX7247
srussell@example.org,aRsyJiCZ4735
jeannehernandez@example.net,WvppLhUf8862
alex33@example.org,MjGatooO2737
hsloan@example.org,xPJDGMDF9525
bonnie21@example.org,HroRorzV5552
david41@example.org,DwgFaNZg4910
katie78@example.net,lOvXrCOs9970
fisherjames@example.net,cIlYZTQd7943
samuel55@example.org,uHPvsDVg4418
rjackson@example.com,KJJsqTXk7626
matthew71@example.net,AEuVCGgd2638
mbaker@example.com,dkxOmJmm8142
nathaniel91@example.com,TeqYabKF1417
hansenchristopher@example.org,rVdcSUxL6958
oserrano@example.org,hqnlAbHw7051
johnschmidt@example.org,zZYsuaxh7137
ballardjon@example.com,cGnxPNMA4499
leslie43@example.net,CAJzOgcx6935
pecksteven@example.net,yuUpchRw3565
whitekelly@example.net,QQQPyCmd3062
zrodriguez@example.com,JWJKcoVl5087
millertommy@example.com,kXsdJfbR4107
nicole17@example.org,luOpjNcs3496
danaortiz@example.net,VpelzOjy1012
toneal@example.net,zOuyFWnb8039
edwardsbrandon@example.net,KJrhrwpw1337
jacksonelizabeth@example.org,ZdAvnHKs7277
hugheszachary@example.net,PDBrXRBx4350
jennifer43@example.net,QDFhKLGH8296
michael70@example.com,acBgXXmp7121
